config,subsample,objective,n_estimators,min_child_weight,max_depth,learning_rate,colsample_bytree,mean_val_MAE,std_val_MAE,mean_P@10,seconds
5,0.8,reg:absoluteerror,300,5,6,0.1,1.0,8.295400533013227,0.5135993213461898,0.4716557254135664,7
10,0.8,reg:absoluteerror,600,1,4,0.1,0.8,8.296500796345093,0.513389340853932,0.4716428924084399,9
3,0.8,reg:absoluteerror,600,5,6,0.1,0.8,8.298768203927521,0.5110464187411028,0.4697600556548678,12
1,0.8,reg:absoluteerror,300,10,8,0.1,1.0,8.328411014718489,0.5125420107879465,0.46896594041739886,10
4,0.8,reg:squarederror,600,1,6,0.03,0.8,8.501653994650384,0.5139821262410352,0.4711222029719551,11
6,1.0,reg:squarederror,300,5,8,0.03,1.0,8.517992201441897,0.5034986326383144,0.46942125823467395,9
8,0.8,reg:squarederror,300,5,4,0.1,0.8,8.530833294843017,0.5075125063726962,0.46801723657378724,5
2,1.0,reg:squarederror,300,1,4,0.05,0.8,8.553612266385718,0.51225749411621,0.46782243205328106,4
9,1.0,reg:squarederror,300,1,8,0.1,0.8,8.621846298651061,0.500656294564173,0.4641232023688693,8
7,0.8,reg:squarederror,600,1,8,0.1,1.0,8.793305720134658,0.49127449788518934,0.45488409690466924,16
